Correlation,P-Value
0.9889653699965955,1.7909204507878092e-10
