Correlation,P-Value
-0.11602387022306428,0.7058335018395139
