Correlation,P-Value
0.49999999999999994,0.39100221895577053
