Correlation,P-Value
0.9835164835164836,1.611214573209521e-09
