Correlation,P-Value
0.9723905313933006,2.691038976056608e-08
