Correlation,P-Value
-0.13186813186813187,0.6676075762175147
